cik,ticker,name,lei
310158,MRK,"Merck & Co., Inc.",
84839,ROL,ROLLINS INC,
26780,DAN,DANA Inc,
47217,HPQ,HP INC,
51143,IBM,INTERNATIONAL BUSINESS MACHINES CORP,
21344,KO,COCA COLA CO,
60714,LXU,"LSB INDUSTRIES, INC.",
795403,WTS,WATTS WATER TECHNOLOGIES INC,
63276,MAT,MATTEL INC /DE/,
18498,GCO,GENESCO INC,
70318,THC,TENET HEALTHCARE CORP,
66740,MMM,3M CO,
4281,HWM,Howmet Aerospace Inc.,
98222,TDW,TIDEWATER INC,
200406,JNJ,JOHNSON & JOHNSON,
29534,DG,DOLLAR GENERAL CORP,
68505,MSI,"Motorola Solutions, Inc.",
785161,EHC,Encompass Health Corp,
45012,HAL,HALLIBURTON CO,
46765,HP,"Helmerich & Payne, Inc.",
310764,SYK,STRYKER CORP,
75362,PCAR,PACCAR INC,
49196,HBAN,HUNTINGTON BANCSHARES INC /MD/,
50493,IMKTA,INGLES MARKETS INC,
104169,WMT,Walmart Inc.,
51644,,"INTERPUBLIC GROUP OF COMPANIES, INC.",
102037,UVV,UNIVERSAL CORP /VA/,
55785,KMB,KIMBERLY CLARK CORP,
78003,PFE,PFIZER INC,
101829,RTX,RTX Corp,
715787,TILE,INTERFACE INC,
721371,CAH,CARDINAL HEALTH INC,
64803,CVS,CVS HEALTH Corp,
789019,MSFT,MICROSOFT CORP,
855658,LSCC,LATTICE SEMICONDUCTOR CORP,
93556,SWK,"STANLEY BLACK & DECKER, INC.",
1750,AIR,AAR CORP,
9389,BALL,BALL Corp,
26172,CMI,CUMMINS INC,
23217,CAG,CONAGRA BRANDS INC.,
14272,BMY,BRISTOL MYERS SQUIBB CO,
12208,BIO,"BIO-RAD LABORATORIES, INC.",
10456,BAX,BAXTER INTERNATIONAL INC,
28823,DBD,"DIEBOLD NIXDORF, Inc",
8818,AVY,Avery Dennison Corp,
902791,BBSI,BARRETT BUSINESS SERVICES INC,
745308,JOE,ST JOE Co,
773840,HON,HONEYWELL INTERNATIONAL INC,
779152,JKHY,JACK HENRY & ASSOCIATES INC,
56701,KOSS,KOSS CORP,
784977,POR,PORTLAND GENERAL ELECTRIC CO /OR/,
857005,PTC,PTC INC.,
730263,THO,THOR INDUSTRIES INC,
67887,MOG-A,MOOG INC.,
700564,FULT,FULTON FINANCIAL CORP,
355811,GNTX,GENTEX CORP,
315293,AON,Aon plc,
908255,BWA,BORGWARNER INC,
814453,NWL,NEWELL BRANDS INC.,
823768,WM,WASTE MANAGEMENT INC,
42582,GT,GOODYEAR TIRE & RUBBER CO /OH/,
805676,PRK,PARK NATIONAL CORP /OH/,
315189,DE,DEERE & CO,
883902,,"Cornerstone Building Brands, Inc.",
5272,AIG,"AMERICAN INTERNATIONAL GROUP, INC.",
915840,BZH,BEAZER HOMES USA INC,
914712,,Steel Connect LLC,
913142,BDC,BELDEN INC.,
723612,CAR,"AVIS BUDGET GROUP, INC.",
927628,COF,CAPITAL ONE FINANCIAL CORP,
826253,AUSI,AURA SYSTEMS INC,
8868,,AVON PRODUCTS INC,
912593,SUI,SUN COMMUNITIES INC,
84129,,"NEW RITE AID, LLC",
19617,JPM,JPMORGAN CHASE & CO,
814585,MBI,MBIA INC,
808362,,Baker Hughes Holdings LLC,
804328,QCOM,QUALCOMM INC/DE,
895421,MS,MORGAN STANLEY,
909724,TLF,TANDY LEATHER FACTORY INC,
873860,ONIT,ONITY GROUP INC.,
885725,BSX,BOSTON SCIENTIFIC CORP,
933974,AZTA,"Azenta, Inc.",
811589,FBNC,FIRST BANCORP /NC/,
100517,UAL,"United Airlines Holdings, Inc.",
108385,WRLD,WORLD ACCEPTANCE CORP,
1024478,ROK,"ROCKWELL AUTOMATION, INC",
823277,CHSCP,CHS INC,
915913,ALB,ALBEMARLE CORP,
910406,HAIN,HAIN CELESTIAL GROUP INC,
73088,,NORTHWESTERN CORP,
35214,,FERRO CORP,
893949,MD,"Pediatrix Medical Group, Inc.",
97216,TEX,TEREX CORP,
730255,,CalAmp Corp.,
946581,TTWO,TAKE TWO INTERACTIVE SOFTWARE INC,
917491,,FARO TECHNOLOGIES INC,
943452,WAB,WESTINGHOUSE AIR BRAKE TECHNOLOGIES CORP,
1058623,CMLS,CUMULUS MEDIA INC,
1045810,NVDA,NVIDIA CORP,
1048268,IESC,"IES Holdings, Inc.",
704051,,"LEGG MASON, INC.",
709283,QMCO,QUANTUM CORP /DE/,
826154,ORRF,ORRSTOWN FINANCIAL SERVICES INC,
278130,,PIER 1 IMPORTS INC/DE,
898437,ANIK,"Anika Therapeutics, Inc.",
1050446,MSTR,Strategy Inc,
922521,FALC,FALCONSTOR SOFTWARE INC,
28412,,COMERICA INC,
75208,,OVERSEAS SHIPHOLDING GROUP INC,
1035976,,"FNCB Bancorp, Inc.",
7039,,TRECORA RESOURCES,
70858,BAC,BANK OF AMERICA CORP /DE/,
1093691,PLUG,PLUG POWER INC,
1057706,FBP,FIRST BANCORP /PR/,
76321,,PARKER DRILLING CO /DE/,
899866,,"ALEXION PHARMACEUTICALS, INC.",
886982,GS,GOLDMAN SACHS GROUP INC,
929940,,ASPENTECH Corp,
103872,,"VOLT INFORMATION SCIENCES, INC.",
939930,PYYX,"PYXUS INTERNATIONAL, INC.",
1043604,,JUNIPER NETWORKS INC,
918251,MPAA,MOTORCAR PARTS OF AMERICA INC,
1008654,,TUPPERWARE BRANDS CORP,
29915,,DOW CHEMICAL CO /DE/,
1109354,BRKR,BRUKER CORP,
800240,,ODP Corp,
844161,,Apex Global Brands Inc.,
840715,CLRO,CLEARONE INC,
887919,,PREMIER FINANCIAL BANCORP INC,
820081,,CAMBREX CORP,
79879,PPG,PPG INDUSTRIES INC,
49728,,IEC ELECTRONICS CORP,
354908,,"Teledyne FLIR, LLC",
319815,,MAXWELL TECHNOLOGIES INC,
833444,JCI,Johnson Controls International plc,
857737,,"ICONIX BRAND GROUP, INC.",
3116,,AKORN INC,
931336,,DEAN FOODS CO,
884940,,STEIN MART INC,
73887,,Bristow Group Inc,
1121484,OIS,"OIL STATES INTERNATIONAL, INC",
1076930,NOVT,NOVANTA INC,
1137774,PRU,PRUDENTIAL FINANCIAL INC,
6284,,ANALOGIC CORP,
108772,,XEROX CORP,
1103982,MDLZ,"Mondelez International, Inc.",
1094831,BGC,"BGC Group, Inc.",
23082,,COMPUTER SCIENCES CORP,
1114925,LTRX,LANTRONIX INC,
352998,,"Teligent, Inc.",
731012,HCSG,HEALTHCARE SERVICES GROUP INC,
47129,,HERTZ CORP,
1047122,,RAYTHEON CO/,
1101680,,DZS INC.,
920448,,BROADVISION INC,
318996,,KEY ENERGY SERVICES INC,
216228,ITT,ITT INC.,
849547,,BLACK BOX CORP,
1210708,STRR,"Star Equity Holdings, Inc.",
1227654,CMP,COMPASS MINERALS INTERNATIONAL INC,
1065332,,NIC INC,
896429,CTLP,"CANTALOUPE, INC.",
811156,CMS,CMS ENERGY CORP,
880771,,SCICLONE PHARMACEUTICALS INC,
885322,,ANCHOR BANCORP WISCONSIN INC,
912833,,WEST MARINE INC,
886035,,GENERAL CABLE CORP /DE/,
1072379,NWBO,NORTHWEST BIOTHERAPEUTICS INC,
1067701,URI,"UNITED RENTALS, INC.",
40730,,Motors Liquidation Co,
1058057,,MARVELL TECHNOLOGY GROUP LTD,
1092796,SWBI,"SMITH & WESSON BRANDS, INC.",
1050441,EGBN,EAGLE BANCORP INC,
1289848,HURN,Huron Consulting Group Inc.,
1011006,,ALTABA INC.,
101063,,CHIQUITA BRANDS INTERNATIONAL INC,
1180262,HLF,HERBALIFE LTD.,
40545,GE,GENERAL ELECTRIC CO,
1018003,,INGRAM MICRO INC,
885074,,Aeon Global Health Corp.,
876883,STGW,Stagwell Inc,
808450,,NAVISTAR INTERNATIONAL CORP,
889348,CVU,CPI AEROSTRUCTURES INC,
726513,,TRIBUNE MEDIA CO,
23675,,Con-way Inc.,
1010552,,POLYCOM INC,
1135185,,ATLAS AIR WORLDWIDE HOLDINGS INC,
840889,,DORAL FINANCIAL CORP,
789073,,Beam Suntory Inc.,
1315257,KOP,Koppers Holdings Inc.,
1080056,,"THESTREET, INC.",
910329,MED,MEDIFAST INC,
826083,,DELL INC,
1020416,,"MONSTER WORLDWIDE, INC.",
2491,,"BALLY TECHNOLOGIES, INC.",
812900,,SAKS INC,
888919,,HCC INSURANCE HOLDINGS INC/DE/,
899723,,OM GROUP INC,
854701,,INTEGRATED SILICON SOLUTION INC,
1302028,,"Manitex International, Inc.",
1014507,,"SIRONA DENTAL SYSTEMS, INC.",
35527,FITB,FIFTH THIRD BANCORP,
1372020,,Great Lakes Dredge & Dock CORP,
1336917,UAA,"Under Armour, Inc.",
317788,APPS,"Digital Turbine, Inc.",
1063537,,RiceBran Technologies,
814586,LWAY,"Lifeway Foods, Inc.",
65100,,"MERRILL LYNCH & CO., INC.",
1115222,,DUN & BRADSTREET CORP/NW,
1005010,,ARTHROCARE CORP,
913760,SNEX,StoneX Group Inc.,
880446,,VITESSE SEMICONDUCTOR CORP,
801351,,WARNACO GROUP INC /DE/,
9263,,MICHAEL BAKER CORP,
1091667,CHTR,"CHARTER COMMUNICATIONS, INC. /MO/",
351346,,BIOMET INC,
1105705,,"WARNER MEDIA, LLC",
896493,GPUS,"Hyperscale Data, Inc.",
1092367,,SYCAMORE NETWORKS INC,
1066923,FTFT,Future FinTech Group Inc.,
1375365,SMCI,"Super Micro Computer, Inc.",
1090727,UPS,UNITED PARCEL SERVICE INC,
1166388,,VERINT SYSTEMS INC,
1175680,CYDY,CytoDyn Inc.,
1418121,APLE,"Apple Hospitality REIT, Inc.",
1120295,,IXIA,
837852,,"IDEANOMICS, INC.",
811222,CDIX,Cardiff Lexington Corp,
878522,,STEWART ENTERPRISES INC,
1054374,,BROADCOM CORP,
1039101,,"L3 TECHNOLOGIES, INC.",
1143155,,"Xenith Bankshares, Inc.",
1361538,PRIM,Primoris Services Corp,
833081,,PRIDE INTERNATIONAL INC,
355356,,IMPERIAL PETROLEUM INC,
1037949,,QWEST COMMUNICATIONS INTERNATIONAL INC,
1124610,,VMWARE LLC,
1014041,,SRI SURGICAL EXPRESS INC,
913144,RNR,RENAISSANCERE HOLDINGS LTD,
859475,,TRIDENT MICROSYSTEMS INC,
880562,,DAEGIS INC.,
918946,,BRIGHTPOINT INC,
1011064,,SUNRISE SENIOR LIVING INC,
778734,,Measurement Specialties Inc,
30371,,"Duke Energy Carolinas, LLC",
1287808,,"Hill International, Inc.",
943320,,"TRUMP ENTERTAINMENT RESORTS, INC.",
1399352,,"COOL TECHNOLOGIES, INC.",
276400,,BANCINSURANCE CORP,
1110783,,MONSANTO CO /NEW/,
829499,,INTERSTATE BAKERIES CORP/DE/,
1325702,MX,MAGNACHIP SEMICONDUCTOR Corp,
1279363,,"WELLCARE HEALTH PLANS, INC.",
1315255,,"GTT Communications, Inc.",
864328,,BJ SERVICES CO LLC,
803014,,COMVERSE TECHNOLOGY INC/NY/,
790652,,IMAGING DIAGNOSTIC SYSTEMS INC /FL/,
1286131,,STONEMOR PARTNERS LP,
1429393,TKLS,"Trutankless, Inc.",
1129633,,PHOENIX COMPANIES INC/DE,
1006892,,JDA SOFTWARE GROUP INC,
872821,,WILMINGTON TRUST CORP,
1108645,,Correlate Energy Corp.,
1390777,BNY,Bank of New York Mellon Corp,
1393540,,IGEN NETWORKS CORP,
1084384,,PARETEUM Corp,
890801,,"McAfee, Inc.",
1066107,,EL PASO LLC,
884497,,MEDQUIST INC,
947427,,AXS ONE INC,
1518715,MCHB,Mechanics Bancorp,
10427,,BAUSCH & LOMB INC,
1334978,CCO,"Clear Channel Outdoor Holdings, Inc.",
19731,,CANAL Corp,
753048,,"AXION INTERNATIONAL HOLDINGS, INC.",
320573,,INTERNATIONAL THOROUGHBRED BREEDERS INC,
1023516,,"EF Johnson Technologies, Inc.",
1053112,,CABLEVISION SYSTEMS CORP /NY,
1009304,,I2 TECHNOLOGIES INC,
1003464,,ENDOCARE INC,
1088033,,QUEST SOFTWARE INC,
2135,,AFFILIATED COMPUTER SERVICES INC,
1137091,PSIX,"POWER SOLUTIONS INTERNATIONAL, INC.",
201533,CMS-PB,CONSUMERS ENERGY CO,
1312073,,"VERIFONE SYSTEMS, INC.",
1365916,,"AMYRIS, INC.",
1016100,,DIGITAL LIGHTWAVE INC,
97854,,THOMAS & BETTS CORP,
1100270,,KRISPY KREME DOUGHNUTS INC,
868512,,SUN-TIMES MEDIA GROUP INC,
25095,,TRUE VALUE CO,
882154,,"POWERSECURE INTERNATIONAL, INC.",
885590,BHC,Bausch Health Companies Inc.,
1018833,,QUADRAMED CORP,
1031296,FE,FIRSTENERGY CORP,
912908,,FOAMEX INTERNATIONAL INC.,
1267130,,CABELAS INC,
278352,,SYMBOL TECHNOLOGIES INC,
1095600,,BLUE COAT SYSTEMS INC,
1585689,HLT,Hilton Worldwide Holdings Inc.,
1581068,BRX,Brixmor Property Group Inc.,
1390478,SLS,"SELLAS Life Sciences Group, Inc.",
879215,,DYNEGY ILLINOIS INC.,
101271,,UNITED INDUSTRIAL CORP /DE/,
57139,,LABARGE INC,
87777,,SCIENTIFIC ATLANTA INC,
1072342,,DELPHI CORP,
1381105,,"Plastic2Oil, Inc.",
1360886,,"OSIRIS THERAPEUTICS, INC.",
54175,,ADVANTAGE CAPITAL DEVELOPMENT CORP,
1012482,,NETOPIA INC,
1382231,,Fortem Resources Inc.,
1320947,,Diamond Foods Inc,
1550603,,"MALVERN BANCORP, INC.",
7694,,ASHLAND INC,
1604028,WMS,"ADVANCED DRAINAGE SYSTEMS, INC.",
1326160,DUK,Duke Energy CORP,
702259,,DIAGNOSTIC PRODUCTS CORP,
944765,,MERGE HEALTHCARE INC,
767673,,SEROLOGICALS CORP,
796486,,ADELPHIA COMMUNICATIONS CORP,
799089,,ASCENTIAL SOFTWARE CORP,
1051848,,CSK AUTO CORP,
1030471,UTSI,UTSTARCOM HOLDINGS CORP.,
1144354,,HEARTLAND PAYMENT SYSTEMS INC,
902277,,DELTA & PINE LAND CO,
846815,,COLLINS & AIKMAN CORP,
895812,,GATEWAY INC,
1135152,,FMC TECHNOLOGIES INC,
878556,,PER SE TECHNOLOGIES INC,
1109357,EXC,EXELON CORP,
892653,,SPORT HALEY INC,
1108058,,MICROTUNE INC,
1637459,KHC,Kraft Heinz Co,
1083269,,TRANSOCEAN INTERNATIONAL Ltd,
1057693,,NATCO GROUP INC,
1440024,,"Roadrunner Transportation Systems, Inc.",
1292055,,Symmetry Medical Inc.,
1041333,,INDUS INTERNATIONAL INC,
1340122,,"Calumet Specialty Products Partners, L.P.",
1168165,,CONSTELLATION ENERGY GENERATION LLC,
908254,,PERFORMANCE FOOD GROUP CO,
99771,,TRINITY CAPITAL CORP,
44471,,GUILFORD MILLS INC,
909413,,Exterran Energy Corp.,
32258,,L-3 COMMUNICATIONS TITAN CORP,
810876,,MINUTEMAN INTERNATIONAL INC,
827055,,POWERCOLD CORP,
932064,,RSA SECURITY INC/DE/,
845752,,ARMOR HOLDINGS INC,
846909,,ENTERASYS NETWORKS INC /DE/,
849667,,AMERICAN ITALIAN PASTA CO,
850313,,SAFENET INC,
922814,,VIRBAC CORP,
867058,,MERCURY INTERACTIVE CORP,
883587,,"Citi Investor Services, Inc.",
917524,,TALX CORP,
917523,,"Revolution Lighting Technologies, Inc.",
895516,,"SPECTRUM GROUP INTERNATIONAL, INC.",
42284,,WHITEMARK HOMES INC,
907072,,CORRPRO COMPANIES INC /OH/,
948069,,CUTTER & BUCK INC,
52466,,IONICS INC,
750901,,FISCHER IMAGING CORP,
732713,,BELLSOUTH CORP,
723527,,MCI INC,
70578,,NATIONAL STEEL CORP,
1006240,,ALCATEL-LUCENT USA INC.,
67686,,PHARMACIA CORP /DE/,
1514732,,"SAExploration Holdings, Inc.",
895642,,ENER1 INC,
225868,,ROBOTIC VISION SYSTEMS INC,
1335190,,MAGNUM HUNTER RESOURCES CORP,
1606698,,"ALPINE 4 HOLDINGS, INC.",
893670,,HAYES LEMMERZ INTERNATIONAL INC,
1099574,,EASTGATE BIOTECH CORP,
351834,,SunOpta Inc.,
1380277,,"INFRAX SYSTEMS, INC.",
1427570,HIND,"Vyome Holdings, Inc",
1498291,,"Daniels Corporate Advisory Company, Inc.",
352949,,FLEMING COMPANIES INC /OK/,
719241,,CONSECO INC,
1309108,WEX,WEX Inc.,
1295401,TBBK,"Bancorp, Inc.",
36369,,FIRST HARTFORD CORP,
893046,,RENT WAY INC,
1022608,,NCO GROUP INC,
1060801,,CRITICAL PATH INC,
919943,,McLeodUSA LLC,
1007456,,ELECTRONIC DATA SYSTEMS CORP /DE/,
1657853,HTZ,"HERTZ GLOBAL HOLDINGS, INC",
927133,,CYBERGUARD CORP,
1052489,,AMERICAN BANK NOTE HOLOGRAPHICS INC,
1031107,,PEREGRINE SYSTEMS INC,
1692415,CODX,"Co-Diagnostics, Inc.",
1051118,,TENFOLD CORP /UT,
784681,,CSC HOLDINGS LLC,
1688568,DXC,DXC Technology Co,
865084,,OXFORD HEALTH PLANS INC,
1465872,,VANTAGE DRILLING INTERNATIONAL,
1458891,,Noble Corp,
1158172,SCOR,"COMSCORE, INC.",
923282,,GEMSTAR TV GUIDE INTERNATIONAL INC,
932112,,APPLIX INC /MA/,
1703056,ADT,ADT Inc.,
1005268,,SCB COMPUTER TECHNOLOGY INC,
1703073,VIVC,VIVIC CORP.,
894536,,POWERLINX INC,
276641,,SPIEGEL INC,
1015629,,PEGASUS SATELLITE COMMUNICATIONS INC,
899166,,"POINT BLANK SOLUTIONS, INC.",
1326396,,"Keyuan Petrochemicals, Inc.",
1081661,,EASYLINK SERVICES CORP,
1580608,,Santander Consumer USA Holdings Inc.,
1094561,,QUOVADX INC,
918999,,DT INDUSTRIES INC,
1313918,,CIFC Corp.,
1005969,,"GE INVISION, INC.",
202763,,SYNCOR INTERNATIONAL CORP /DE/,
1680247,PUMP,ProPetro Holding Corp.,
49534,,LIFE PARTNERS HOLDINGS INC,
1056239,,L 3 COMMUNICATIONS HOLDINGS INC,
1680873,HFFG,HF Foods Group Inc.,
352495,,TELXON CORP,
1267238,AIZ,"ASSURANT, INC.",
1329011,,"Apple REIT Seven, Inc.",
1289701,,"Mercantile Bancorp, Inc.",
847935,,ALLION HEALTHCARE INC,
887403,,DAISYTEK INTERNATIONAL CORP /DE/,
1675634,,"ShiftPixy, Inc.",
859360,,LEGATO SYSTEMS INC,
911004,,FRIEDMANS INC,
901119,,SIGNAL TECHNOLOGY CORP,
1092492,,AXESSTEL INC,
919742,,World Surveillance Group Inc.,
1109190,,EFUNDS CORP,
1520592,,Lotus Bio-Technology Development Corp.,
3906,,ALLIED CAPITAL CORP,
1604643,,Evoqua Water Technologies Corp.,
916836,,JDN REALTY CORP,
1759546,NRDE,Stark Novus Financial Inc.,
1751788,DOW,DOW INC.,
1387361,,"Apple REIT Eight, Inc.",
1015610,,GOLD BANC CORP INC,
1648428,,"Sequential Brands Group, Inc.",
1770450,XRX,Xerox Holdings Corp,
1047166,,UNITED RENTALS NORTH AMERICA INC,
1084408,,VERITAS SOFTWARE CORP /DE/,
1394954,,GT Advanced Technologies Inc.,
1676852,,OMNIA WELLNESS INC.,
1005230,,CYLINK CORP /CA/,
1518222,,"Bankrate, Inc.",
889899,,LASER TECHNOLOGY INC,
755095,,PICTURETEL CORP,
1120830,,"China Natural Gas, Inc.",
1656472,CRON,Cronos Group Inc.,
1504747,,Swisher Hygiene Inc.,
1052593,,"ITA Holdings, Inc.",
920317,,U.S. Dry Cleaning Services Corp,
1453090,,Weatherford International Ltd./Switzerland,
1522704,,"Medifirst Solutions, Inc.",
1623613,,Mylan II B.V.,
60911,,ADVANCED TECHNICAL PRODUCTS INC,
1507385,,"VEREIT, Inc.",
1444403,,CODE GREEN APPAREL CORP,
785968,,"MILLER ENERGY RESOURCES, INC.",
1027138,,ZIMMERMAN SIGN CO,
892872,,MICRO WAREHOUSE INC,
883780,,AOL LLC,
808207,,SYSTEM SOFTWARE ASSOCIATES INC,
784932,,SURETY CAPITAL CORP /DE/,
919006,,CENTENNIAL TECHNOLOGIES INC,
1070380,,SABA SOFTWARE INC,
1091566,,CYIOS CORP,
315136,,AMERICAN CLASSIC VOYAGES CO,
1123337,,ANDRX CORP /DE/,
1050891,,FFP MARKETING CO INC,
891920,,MICROTEST INC,
887531,,Minerals Mining CORP,
787251,,CHINA NORTH EAST PETROLEUM HOLDINGS LTD,
1169055,,Noble Finance Co,
831001,C,CITIGROUP INC,
1443818,,"Freedom Environmental Services, Inc.",
1513153,,FCA US LLC,
3662,,SUNBEAM CORP/FL/,
1089567,,EDISON SCHOOLS INC,
1058986,,PINNACLE HOLDINGS INC,
317745,,GENERAL RE CORP,
1336644,,UNIVERSAL TRAVEL GROUP,
1373671,,"Isilon Systems, Inc.",
1011632,,PERITUS SOFTWARE SERVICES INC,
1039276,,MERCATOR SOFTWARE INC,
1095158,,L90 INC,
1099531,,VANTAGEMED CORP,
935802,,ANICOM INC,
20947,,CLEVELAND ELECTRIC ILLUMINATING CO,
225501,,"MEDLINK INTERNATIONAL, INC.",
1513161,,"HOME LOAN SERVICING SOLUTIONS, LTD.",
878543,,PREMIER LASER SYSTEMS INC,
1304730,,HQDA ELDERLY LIFE NETWORK CORP.,
769852,,DCI TELECOMMUNICATIONS INC,
1394220,,"JOIN Entertainment Holdings, Inc.",
1365790,,"GLG Partners, Inc.",
1399067,,"China MediaExpress Holdings, Inc.",
798985,,"CHINA SKY ONE MEDICAL, INC.",
943322,,TRUMP ENTERTAINMENT RESORTS HOLDINGS LP,
1089909,,ASHFORD COM INC,
1402366,,"LVB Acquisition, Inc.",
1005270,,ENGINEERING ANIMATION INC,
17797,,"DUKE ENERGY PROGRESS, LLC.",
1100778,,Rokk3r Inc.,
20290,,"Duke Energy Ohio, Inc.",
1343504,,True North Finance Corp,
1851908,,Black Spade Acquisition Co,
319687,,"UNITED AIRLINES, INC.",
78100,,PECO ENERGY CO,
947431,,EAGLE BUILDING TECHNOLOGIES INC,
1033523,,AURORA FOODS INC,
1833909,,African Gold Acquisition Corp,
1649709,,CIFC LLC,
1065152,,AREMISSOFT CORP /DE/,
53456,,JERSEY CENTRAL POWER & LIGHT CO,
1359272,,IMPERIALI INC,
1407703,,FirstEnergy Solutions Corp.,
1095827,,AMERICAN TISSUE INC,
8192,,ATLANTIC CITY ELECTRIC CO,
808356,,SWISHER INTERNATIONAL INC,
1103184,,"ULTICOM, INC",
855372,,ECO2 PLASTICS INC,
855424,,HOME SOLUTIONS OF AMERICA INC,
1116198,,Sunrise Solar CORP,
1895262,NE,Noble Corp plc,
